type,name
xmodelsurfs,#mp_aw_attachment_wm_sh_t9pump_mixbarrel_01_lod1_s2_l22_tr_attachment_wm_sh_t9pump_mixbarrel_01_instalod10v410
xmodelsurfs,#mp_aw_attachment_wm_sh_t9pump_mixbarrel_01_lod1_s2_l22_tr_attachment_wm_sh_t9pump_mixbarrel_01_instalod_auto210v410
xmodelsurfs,#mp_aw_attachment_wm_sh_t9pump_mixbarrel_01_lod1_s2_l22_tr_attachment_wm_sh_t9pump_mixbarrel_01_instalod_auto2_auto310v40
xmodelsurfs,#mp_aw_attachment_wm_sh_t9pump_mixbarrel_01_lod1_s2_l22_tr_attachment_wm_sh_t9pump_mixbarrel_01_lod110v0411
xmodelsurfs,#mp_aw_attachment_wm_sh_t9pump_mixbarrel_01_lod1_s2_l22_tr_attachment_wm_sh_t9pump_mixbarrel_01_v10_instalod10v410
xmodelsurfs,#mp_aw_attachment_wm_sh_t9pump_mixbarrel_01_lod1_s2_l22_tr_attachment_wm_sh_t9pump_mixbarrel_01_v10_instalod_auto210v410
xmodelsurfs,#mp_aw_attachment_wm_sh_t9pump_mixbarrel_01_lod1_s2_l22_tr_attachment_wm_sh_t9pump_mixbarrel_01_v10_instalod_auto2_auto310v40
xmodelsurfs,#mp_aw_attachment_wm_sh_t9pump_mixbarrel_01_lod1_s2_l22_tr_attachment_wm_sh_t9pump_mixbarrel_01_v5_instalod10v410
xmodelsurfs,#mp_aw_attachment_wm_sh_t9pump_mixbarrel_01_lod1_s2_l22_tr_attachment_wm_sh_t9pump_mixbarrel_01_v5_instalod_auto210v410
xmodelsurfs,#mp_aw_attachment_wm_sh_t9pump_mixbarrel_01_lod1_s2_l22_tr_attachment_wm_sh_t9pump_mixbarrel_01_v5_instalod_auto2_auto310v40
material,#m2o/attachment_vm_sh_t9pump_barrel
material,#m2o/attachment_vm_sh_t9pump_heavy_01
material,#m2o/attachment_vm_sh_t9pump_iron_sight
material,#m2o/attachment_vm_sh_t9pump_decal
material,#m2o/attachment_wm_sh_t9pump_mixbarrel_01_lod1_mat
xmodeldetailcollision,#attachment_wm_sh_t9pump_barrel_01
xmodel,#attachment_wm_sh_t9pump_mixbarrel_01
material,#m2o/weapon_vm_sh_t9pump_v10_shroud
material,#m2o/attachment_wm_sh_t9pump_mixbarrel_01_v10_lod1_mat
xmodel,#attachment_wm_sh_t9pump_mixbarrel_01_v10
material,#m2o/attachment_vm_sh_t9pump_v5_heavy_01
material,#m2o/attachment_wm_sh_t9pump_mixbarrel_01_v5_lod1_mat
xmodel,#attachment_wm_sh_t9pump_mixbarrel_01_v5